Nombre,Apellido,NÃºmero de Pasaporte,Nacionalidad,Correo
Emanuel,Hidalgo,123453,sdf,ema@gmail.com
Ariadna,Ceron,123123,Mwe,ari@gmail.com
Ari,Say,123,sdf,ari@gmail.com
Emanuel,Ceron,123,qwd,ema@gmail.com
Ariadna,Ceron,060519,Mex,csariadna131@gmail.com
Roi,Zarate,6271,Mex,sistem32gnu@hotmail.com
mon,rojas,6788,m,l20281091@toluca.tecnm.mx
KKKK,MMMM,9888,M,M@GMAIL.COM
ar,cs,133,m,csariadna131@gmail.com
kkk,ccc,9088,m,hfgu@gmail.com
mon,rojas,765456,m,l20281091@toluca.tecnm.mx
Roi,Zarate,36432,Mexicano,system32gnu@hotmail.com
Roi,Zarate,1728,Mex,system32gnu@hotmail.com
Mon,Rojas,384782,Mex,l20281091@toluca.tecnm
Miriam,Reyes,287482,Mex,moshe060905@outlook.com
karen,ceron,87665,mex,csariadna131@gmail.com
czcx,cz,4324,m,vcxcq@gmail.cm
les,sayagua,76589,m,l20281091@toluca.tecnm.mx
dana,leon,84738,mex,dana@gmail.com
Isaac,Rodriguez,28747,Venezuela,csariadna131@gmail.com
jesus,juarez,3638,mex,Jes281xs@gmail.com
alex,silva,8271,mex,jahd@gmail.com
Isaac,Ridriguez,35663,Venezolana,aisackrg00@gmail.com
sgmdjd,xsffr,434565,m,hishd@gmail.com
alex,juarez,dshfnvc2,m,m@gm.com
hugo,perez,2791,m,me@gmai.com
haha,baa,363c,m,ja@ma.com
Jose,Zarate,123ABSC,mexicana,reyplomeroxd@gmail.com
jOSE,Zarate,123abc,mexicana,reyplpomeroxd@gmail.com
Jose,Zarate,123abc,Mexicana,reyplomeroxd@gmail.com
Jose,Zarate,213abc,mexicana,reyplomeroxd@gmail.com
